Иосиф;Голубев;Тимофеевич;06.05.1982;18.08.2018;smcnabb@att.net;7(78)972-73-11 ;м;Клиенты\m18.jpg
Алла;Ермакова;Мироновна;22.01.1976;09.02.2017;whimsy@aol.com;7(06)437-13-73 ;ж;Клиенты\48.jpg
Глеб;Селиверстов;Максимович;20.06.1999;07.01.2016;jigsaw@sbcglobal.net;7(20)554-28-68 ;м;Клиенты\m37.jpg
Юстиниан;Агафонов;Олегович;02.02.1997;08.06.2016;staffelb@sbcglobal.net;7(303)810-28-78 ;м;Клиенты\m1.jpg
Злата;Колобова;Романовна;25.08.1994;03.12.2016;sinkou@aol.com;7(50)884-07-35 ;ж;Клиенты\18.jpg
Дарина;Сысоева;Ярославовна;03.02.1982;13.05.2016;treit@verizon.net;7(0698)387-96-04 ;ж;Клиенты\32.jpg
Варлам;Некрасов;Михайлович;12.11.2000;03.12.2017;dogdude@verizon.net;7(019)258-06-35 ;м;Клиенты\m42.jpg
Наум;Крюков;Ильяович;17.11.1993;01.02.2017;floxy@hotmail.com;7(81)657-88-92 ;м;Клиенты\m30.jpg
Татьяна;Сидорова;Михайловна;24.04.1974;03.10.2018;tbeck@mac.com;7(51)732-91-79 ;ж;Клиенты\42.jpg
Альжбета;Трофимова;Якововна;22.10.1988;21.09.2017;gbacon@mac.com;7(1084)658-92-95 ;ж;Клиенты\25.jpg
Адриан;Новиков;Аркадьевич;15.01.1974;23.11.2018;multiplx@verizon.net;7(70)572-33-62 ;м;Клиенты\m40.jpg
Иветта;Мишина;Андреевна;05.10.2002;24.01.2016;aukjan@yahoo.com;7(3926)244-81-96 ;ж;Клиенты\30.jpg
Геннадий;Шестаков;Рубенович;01.07.2001;08.12.2018;tokuhirom@live.com;7(2066)037-11-60 ;м;Клиенты\m41.jpg
Матвей;Зуев;Иванович;28.03.1981;18.12.2018;brickbat@verizon.net;7(5383)893-04-66 ;м;Клиенты\m38.jpg
Георгина;Турова;Семёновна;28.05.1974;22.02.2018;yruan@optonline.net;7(555)321-42-99 ;ж;Клиенты\27.jpg
Валентин;Анисимов;Пантелеймонович;10.12.2000;20.01.2018;aaribaud@hotmail.com;7(700)326-70-24 ;м;Клиенты\m99.jpg
Тамара;Анисимова;Витальевна;16.06.1988;25.02.2016;schwaang@mac.com;7(66)128-04-10 ;ж;Клиенты\2.jpg
Орест;Колобов;Юлианович;14.07.2001;01.01.2017;parkes@verizon.net;7(1680)508-58-26 ;м;Клиенты\m27.jpg
Аристарх;Филатов;Дмитриевич;29.05.1989;11.01.2017;hampton@att.net;7(696)235-29-24 ;м;Клиенты\m43.jpg
Влада;Орлова;Мартыновна;26.06.1990;21.03.2016;rnelson@yahoo.ca;7(2506)433-38-35 ;ж;Клиенты\22.jpg
Элина;Алексеева;Матвеевна;07.05.2002;28.03.2018;pthomsen@verizon.net;7(8086)245-64-81 ;ж;Клиенты\1.jpg
Агафон;Бобров;Лаврентьевич;29.07.1995;09.05.2017;petersen@comcast.net;7(2159)507-39-57 ;м;Клиенты\m35.jpg
Инара;Бирюкова;Улебовна;21.07.1978;01.10.2017;smpeters@hotmail.com;7(098)346-50-58 ;ж;Клиенты\5.jpg
Марк;Панфилов;Рудольфович;13.04.1991;23.02.2016;cremonini@optonline.net;7(764)282-55-22 ;м;Клиенты\m45.jpg
Алина;Колесникова;Еремеевна;19.04.2001;18.01.2017;gfxguy@outlook.com;7(74)977-39-71 ;ж;Клиенты\40.jpg
Наум;Морозов;Валерьянович;04.07.1985;02.05.2016;salesgeek@mac.com;7(636)050-96-13 ;м;Клиенты\m49.jpg
Давид;Горбачёв;Тимурович;22.05.1983;17.12.2018;hedwig@att.net;7(53)602-85-41 ;м;Клиенты\m36.jpg
Оскар;Васильев;Богданович;30.01.1971;28.05.2017;miturria@verizon.net;7(585)801-94-29 ;м;Клиенты\m15.jpg
Номи;Ершова;Андреевна;13.09.2001;30.06.2016;miltchev@mac.com;7(7757)315-90-99 ;ж;Клиенты\14.jpg
Святослав;Медведев;Юлианович;04.10.1972;13.10.2018;hllam@comcast.net;7(3520)435-21-20 ;м;Клиенты\m13.jpg
Эльмира;Баранова;Дмитриевна;15.01.1977;08.07.2016;jgmyers@comcast.net;7(9240)643-15-50 ;ж;Клиенты\4.jpg
Харита;Попова;Якуновна;16.12.1997;05.07.2016;firstpr@verizon.net;7(335)386-81-06 ;ж;Клиенты\36.jpg
Аверкий;Кудряшов;Константинович;26.07.1991;08.03.2018;nanop@msn.com;7(88)732-96-30 ;м;Клиенты\m33.jpg
Марта;Горшкова;Иосифовна;13.02.2001;04.08.2016;gbacon@mac.com;7(544)650-59-03;ж;Клиенты\9.jpg
Богдан;Кудрявцев;Христофорович;27.02.1988;07.10.2016;lukka@hotmail.com;7(20)131-84-09 ;м;Клиенты\m31.jpg
Яков;Гусев;Авксентьевич;10.12.1995;20.11.2017;jdhedden@icloud.com;7(0972)781-11-37 ;м;Клиенты\m20.jpg
Авигея;Крюкова;Святославовна;10.08.2000;03.01.2018;simone@gmail.com;7(499)318-88-53 ;ж;Клиенты\19.jpg
Амелия;Степанова;Робертовна;06.06.1970;27.09.2017;rasca@hotmail.com;7(1217)441-28-42 ;ж;Клиенты\15.jpg
Божена;Суворова;Анатольевна;09.03.1981;28.01.2016;attwood@aol.com;7(347)895-86-57 ;ж;Клиенты\34.jpg
Аввакум;Борисов;Артемович;25.04.1974;11.03.2017;chlim@live.com;7(2296)930-08-88 ;м;Клиенты\m12.jpg
Георгий;Бобылёв;Витальевич;19.12.1983;06.04.2018;csilvers@mac.com;7(88)685-13-51 ;м;Клиенты\m11.jpg
Вольдемар;Дроздов;Артемович;07.02.1976;18.07.2017;smpeters@me.com;7(307)456-99-05 ;м;Клиенты\m21.jpg
Сабрина;Беляева;Федосеевна;26.07.1972;14.06.2017;agapow@gmail.com;7(6580)534-32-58 ;ж;Клиенты\47.jpg
Пантелеймон;Блохин;Феликсович;06.03.1978;14.02.2018;balchen@comcast.net;7(9524)556-48-98 ;м;Клиенты\m8.jpg
Гелла;Шашкова;Эдуардовна;24.02.1979;16.11.2016;jadavis@mac.com;7(57)446-21-04 ;ж;Клиенты\43.jpg
Артур;Калашников;Юрьевич;13.12.1972;20.08.2017;oevans@aol.com;7(147)947-47-21 ;м;Клиенты\m10.jpg
Анэля;Корнилова;Михайловна;02.04.1973;22.05.2016;jonathan@aol.com;7(20)980-01-60 ;ж;Клиенты\26.jpg
Янита;Гущина;Федоровна;02.03.1999;01.02.2018;lishoy@att.net;7(4544)716-68-96 ;ж;Клиенты\11.jpg
Людвиг;Волков;Витальевич;27.12.1977;27.04.2016;jrkorson@msn.com;7(8459)592-05-58 ;м;Клиенты\m50.jpg
Терентий;Князев;Валерьевич;19.06.1991;25.06.2018;rjones@aol.com;7(98)397-23-23 ;м;Клиенты\m26.jpg
Гаянэ;Силин;Анатольевич;27.05.1976;05.05.2017;multiplx@comcast.net;7(4547)615-22-69 ;м;Клиенты\m46.jpg
Дмитрий;Казаков;Русланович;15.12.1978;21.05.2016;ozawa@verizon.net;7(51)682-19-40 ;м;Клиенты\m44.jpg
Роза;Гусева;Дмитриевна;13.02.1999;12.12.2017;martyloo@live.com;7(23)064-51-84 ;ж;Клиенты\10.jpg
Марфа;Мамонтова;Мироновна;19.10.1984;27.02.2018;rfoley@verizon.net;7(38)095-64-18 ;ж;Клиенты\29.jpg
Эрик;Галкин;Онисимович;18.01.1975;19.07.2016;snunez@verizon.net;7(759)873-77-39 ;м;Клиенты\m16.jpg
Прасковья;Архипова;Валерьевна;09.01.1979;23.07.2018;cgcra@live.com;7(86)540-10-21 ;ж;Клиенты\33.jpg
Лаура;Овчинникова;Еремеевна;03.04.1992;24.11.2018;carcus@yahoo.ca;7(85)829-33-79 ;ж;Клиенты\35.jpg
Патрисия;Андреева;Валерьевна;18.11.1993;17.07.2016;jigsaw@aol.com;7(9648)953-81-26 ;ж;Клиенты\37.jpg
Самуил;Авдеев;Улебович;04.07.1996;11.02.2016;cliffordj@mac.com;7(3168)043-63-31 ;м;Клиенты\m96.jpg
Светлана;Бурова;Лукьевна;04.01.1979;13.10.2016;wsnyder@aol.com;7(358)173-82-21 ;ж;Клиенты\39.jpg
Глеб;Ершов;Федорович;14.06.1970;14.09.2016;sjava@aol.com;7(2608)298-40-82 ;м;Клиенты\m23.jpg
Захар;Игнатов;Павлович;07.10.1998;10.11.2017;dieman@icloud.com;7(578)574-73-36 ;м;Клиенты\m98.jpg
Амалия;Комиссарова;Робертовна;18.08.1971;04.08.2017;jorgb@msn.com;7(22)647-46-32 ;ж;Клиенты\17.jpg
Трофим;Быков;Константинович;20.12.1994;17.04.2016;jguyer@aol.com;7(3414)460-12-05 ;м;Клиенты\m14.jpg
Леонтий;Кузьмин;Валерьянович;05.05.2000;12.10.2017;msloan@hotmail.com;7(1340)148-90-68 ;м;Клиенты\m17.jpg
Диана;Белозёрова;Антоновна;27.02.1989;30.01.2017;dialworld@aol.com;7(9900)174-59-87 ;ж;Клиенты\7.jpg
Евгений;Блинов;Мэлсович;05.01.1994;07.05.2017;moxfulder@outlook.com;7(0852)321-82-64 ;м;Клиенты\m7.jpg
Алексей;Лазарев;Богданович;10.03.1977;02.01.2017;claesjac@me.com;7(0055)737-37-48 ;м;Клиенты\m48.jpg
Розалия;Афанасьева;Макаровна;01.05.1977;06.09.2017;malattia@hotmail.com;7(0661)413-23-32 ;ж;Клиенты\31.jpg
Эдита;Дементьева;Онисимовна;17.09.1975;24.11.2018;frosal@hotmail.com;7(198)922-28-76 ;ж;Клиенты\38.jpg
Петр;Калинин;Иванович;08.09.1993;26.05.2016;aschmitz@hotmail.com;7(90)316-07-17 ;м;Клиенты\m47.jpg
Станислав;Андреев;Максович;10.10.1975;26.12.2017;budinger@mac.com;7(02)993-91-28 ;м;Клиенты\m3.jpg
Устин;Киселёв;Яковлевич;08.01.1985;21.06.2018;dalamb@verizon.net;7(83)334-52-76 ;м;Клиенты\m25.jpg
Павел;Гордеев;Семенович;06.09.1984;19.07.2016;dawnsong@verizon.net;7(5243)599-66-72 ;м;Клиенты\m19.jpg
Никки;Горбачёва;Еремеевна;21.04.1987;16.08.2018;chinthaka@att.net;7(94)789-69-20 ;ж;Клиенты\8.jpg
Касьян;Копылов;Робертович;04.08.1983;18.03.2018;crobles@sbcglobal.net;7(5774)679-82-06 ;м;Клиенты\m29.jpg
Витольд;Ефремов;Авксентьевич;02.12.1975;09.04.2018;kwilliams@yahoo.ca;7(93)922-14-03 ;м;Клиенты\m28.jpg
Михаил;Баранов;Романович;12.07.1997;07.10.2018;bigmauler@outlook.com;7(750)985-94-13 ;м;Клиенты\m5.jpg
Элина;Дмитриева;Даниловна;10.12.1988;11.02.2017;vmalik@live.com;7(787)140-48-84 ;ж;Клиенты\12.jpg
Осип;Федотов;Анатольевич;13.04.1971;23.07.2018;breegster@hotmail.com;7(590)702-33-06 ;м;Клиенты\m9.jpg
Тала;Быкова;Георгьевна;22.02.2000;13.08.2016;ganter@optonline.net;7(13)915-53-53 ;ж;Клиенты\6.jpg
Вадим;Дементьев;Ростиславович;10.07.1993;05.03.2018;jacks@aol.com;7(79)330-46-15 ;м;Клиенты\m39.jpg
Макар;Евсеев;Васильевич;13.09.1977;05.12.2018;parsimony@sbcglobal.net;7(2141)077-85-70 ;м;Клиенты\m22.jpg
Станислав;Абрамов;Филатович;18.05.1989;08.12.2016;solomon@att.net;7(6545)478-87-79 ;м;Клиенты\m32.jpg
Лиза;Артемьева;Максимовна;17.05.1996;07.10.2018;snunez@yahoo.ca;7(696)972-70-21 ;ж;Клиенты\3.jpg
Дэнна;Кузьмина;Витальевна;24.08.1993;27.03.2016;nichoj@mac.com;7(9940)977-45-73 ;ж;Клиенты\20.jpg
Магда;Ефимова;Платоновна;16.08.1995;01.08.2017;rbarreira@me.com;7(9261)386-15-92 ;ж;Клиенты\16.jpg
Альберт;Ефимов;Проклович;29.10.1997;21.06.2018;houle@live.com;7(416)375-97-19 ;м;Клиенты\m6.jpg
Эльвина;Лазарева;Робертовна;16.02.1996;11.04.2018;ahuillet@comcast.net;7(5564)609-81-37 ;ж;Клиенты\28.jpg
Изабелла;Воронова;Вячеславовна;24.09.1999;21.12.2017;kildjean@sbcglobal.net;7(17)433-44-98 ;ж;Клиенты\21.jpg
Эвелина;Куликова;Вячеславовна;14.11.1997;01.02.2018;ilikered@hotmail.com;7(0236)682-42-78 ;ж;Клиенты\23.jpg
Амалия;Егорова;Дамировна;28.09.1999;30.06.2016;drezet@yahoo.com;7(7486)408-12-26 ;ж;Клиенты\13.jpg
Станислав;Александров;Эдуардович;04.07.1981;08.11.2018;bigmauler@aol.com;7(18)164-05-12 ;м;Клиенты\m2.jpg
Демьян;Цветков;Львович;29.03.1996;12.02.2016;hauma@icloud.com;7(93)546-43-73 ;м;Клиенты\m4.jpg
Юнона;Устинова;Валентиновна;08.08.1982;28.05.2017;kempsonc@live.com;7(33)367-13-07;ж;Клиенты\44.jpg
Любава;Костина;Авксентьевна;13.07.1972;26.02.2016;gordonjcp@hotmail.com;7(6419)959-21-87 ;ж;Клиенты\41.jpg
Мартын;Смирнов;Арсеньевич;25.06.1996;07.02.2017;haddawy@live.com;7(6251)589-02-43 ;м;Клиенты\m34.jpg
Сандра;Федотова;Владленовна;29.03.1985;08.11.2016;penna@verizon.net;7(126)195-25-86 ;ж;Клиенты\24.jpg
Леонтий;Журавлёв;Яковлевич;02.03.2000;15.01.2018;cmdrgravy@me.com;7(4403)308-56-96 ;м;Клиенты\m24.jpg
Вадим;Большаков;Данилович;15.05.1970;04.08.2018;uncle@gmail.com;7(386)641-13-37 ;м;Клиенты\m97.jpg